Id,Date,Time,League,Home,Away,Odd_H,Odd_D,Odd_A,Odd_Over25,Odd_Under25,Odd_BTTS_Yes,Odd_BTTS_No
80fp7pI5,27/07/2024,10:00,WORLD - OLYMPIC GAMES,Argentina Ol.,Iraq Ol.,1.38,4.5,8.0,1.62,2.25,1.91,1.91
jHaaM9Ws,27/07/2024,10:00,WORLD - OLYMPIC GAMES,Dominican Republic Ol.,Spain Ol.,15.0,7.5,1.14,1.4,2.88,2.2,1.62
Ee8XQkOQ,27/07/2024,12:00,WORLD - OLYMPIC GAMES,Ukraine Ol.,Morocco Ol.,4.2,3.3,1.91,2.08,1.73,1.95,1.8
6ezlyRtB,27/07/2024,12:00,WORLD - OLYMPIC GAMES,Uzbekistan Ol.,Egypt Ol.,2.35,3.5,2.8,2.1,1.7,1.95,1.8
pva3LTol,27/07/2024,14:00,WORLD - OLYMPIC GAMES,Israel Ol.,Paraguay Ol.,2.63,3.3,2.6,2.0,1.85,1.75,2.0
WWISRV8K,27/07/2024,14:00,WORLD - OLYMPIC GAMES,New Zealand Ol.,USA Ol.,5.75,3.9,1.57,1.7,2.1,1.8,1.95
YiNceRKj,27/07/2024,16:00,WORLD - OLYMPIC GAMES,France Ol.,Guinea Ol.,1.25,5.25,12.0,1.62,2.25,2.1,1.67
v37EinRi,27/07/2024,16:00,WORLD - OLYMPIC GAMES,Japan Ol.,Mali Ol.,1.9,3.75,3.8,1.95,1.9,1.91,1.91
vH4fu7lB,27/07/2024,15:00,ARGENTINA - LIGA PROFESIONAL,Ind. Rivadavia,Independiente,3.1,2.9,2.55,2.88,1.4,2.25,1.57
MufavR3H,27/07/2024,17:00,ARGENTINA - LIGA PROFESIONAL,San Lorenzo,Newells Old Boys,2.38,2.88,3.5,3.5,1.3,2.63,1.44
6VGWLImj,27/07/2024,19:00,ARGENTINA - LIGA PROFESIONAL,Rosario Central,Huracan,2.35,3.1,3.25,2.88,1.4,2.25,1.57
URWd1HF6,27/07/2024,15:00,ARGENTINA - PRIMERA NACIONAL,Aldosivi,Colon Santa Fe,2.88,2.9,2.4,2.88,1.4,2.25,1.57
Sf2Y88HF,27/07/2024,15:00,ARGENTINA - PRIMERA NACIONAL,Arsenal Sarandi,Quilmes,3.1,2.9,2.45,3.1,1.36,2.25,1.57
2Ba5B1wE,27/07/2024,15:00,ARGENTINA - PRIMERA NACIONAL,Brown Adrogue,Chaco For Ever,2.63,2.88,3.0,3.4,1.33,2.5,1.5
KUbQAUn3,27/07/2024,15:00,ARGENTINA - PRIMERA NACIONAL,Chacarita Juniors,CA Estudiantes,2.35,2.9,3.4,3.1,1.36,2.5,1.5
0nut5aGs,27/07/2024,15:00,ARGENTINA - PRIMERA NACIONAL,Nueva Chicago,Deportivo Madryn,2.5,3.0,3.0,3.4,1.33,2.63,1.44
xY7Jmbo7,27/07/2024,15:00,ARGENTINA - PRIMERA NACIONAL,Tristan Suarez,Club A. Guemes,2.25,2.9,3.6,2.7,1.44,2.25,1.57
jyYh2c00,27/07/2024,16:00,ARGENTINA - PRIMERA NACIONAL,CA Mitre,Almirante Brown,1.85,3.1,5.0,3.4,1.33,2.75,1.4
bwgE9u8Q,27/07/2024,19:10,ARGENTINA - PRIMERA NACIONAL,Deportivo Moron,Atl. Rafaela,2.0,3.3,3.9,2.88,1.4,2.5,1.5
EevaPEum,27/07/2024,15:00,ARGENTINA - TORNEO FEDERAL,Crucero del Norte,Independiente Chivilcoy,1.85,3.3,4.1,2.25,1.5,2.07,1.6
8pYGiiRp,27/07/2024,16:00,ARGENTINA - TORNEO FEDERAL,Defensores Belgrano VR,Sol de America,2.12,2.87,3.7,2.45,1.42,2.07,1.6
lGDo4dHE,27/07/2024,05:00,ASIA - ASEAN CHAMPIONSHIP U19,Australia U19,Thailand U19,1.35,4.6,6.6,1.55,2.15,1.8,1.96
K2zJol1m,27/07/2024,09:30,ASIA - ASEAN CHAMPIONSHIP U19,Indonesia U19,Malaysia U19,1.65,3.65,4.3,1.57,2.12,1.62,2.2
QTrfFn7I,27/07/2024,02:00,AUSTRALIA - NPL ACT,Canberra Olympic,Yoogali,1.42,4.9,5.4,1.3,2.95,1.45,2.37
x4nbE6MO,27/07/2024,04:45,AUSTRALIA - NPL ACT,Monaro Panthers,O'Connor Knights,2.55,3.3,2.52,1.65,1.98,1.53,2.18
xbgyK9ke,27/07/2024,01:30,AUSTRALIA - NPL NORTHERN NSW,Edgeworth E.,Lake Macquarie,1.05,15.0,23.0,1.14,5.0,1.93,1.7
KMrtJT41,27/07/2024,01:30,AUSTRALIA - NPL NORTHERN NSW,New Lambton,Newcastle Olympic,6.25,4.75,1.33,1.44,2.63,1.65,1.98
bDspImK7,27/07/2024,03:30,AUSTRALIA - NPL NORTHERN NSW,Cooks Hill United,Maitland,2.38,3.75,2.38,1.4,2.75,1.37,2.62
QJVRtXd8,27/07/2024,04:00,AUSTRALIA - NPL NORTHERN NSW,Valentine,Lambton J.,5.0,4.5,1.44,1.44,2.63,1.55,2.15
lO5ohUx7,27/07/2024,04:30,AUSTRALIA - NPL NSW,NWS Spirit,Sydney Olympic,4.05,3.95,1.7,1.53,2.18,1.55,2.15
4WmYFXUD,27/07/2024,06:00,AUSTRALIA - NPL NSW,Hills United,St George Saints,2.15,3.75,2.77,1.45,2.4,1.42,2.47
SE4kilhD,27/07/2024,06:00,AUSTRALIA - NPL NSW,Marconi Stallions,Sydney Utd,1.65,3.95,4.25,1.57,2.12,1.6,2.07
fTdESdG7,27/07/2024,01:00,AUSTRALIA - NPL QUEENSLAND,Brisbane Roar U23,Gold Coast Knights,12.5,6.2,1.18,1.29,3.0,1.72,1.88
IP6lGmF9,27/07/2024,06:15,AUSTRALIA - NPL QUEENSLAND,Peninsula,Olympic FC,1.65,4.1,4.15,1.44,2.42,1.47,2.32
KxuuK2I9,27/07/2024,02:30,AUSTRALIA - NPL SOUTH AUSTRALIA,Adelaide Croatia Raiders,Campbelltown City,4.25,3.95,1.65,1.47,2.32,1.5,2.27
nPtXLOmc,27/07/2024,02:30,AUSTRALIA - NPL SOUTH AUSTRALIA,South Adelaide,NE Metrostars,9.25,6.2,1.22,1.25,3.2,1.5,2.27
QFuyLr33,27/07/2024,04:30,AUSTRALIA - NPL SOUTH AUSTRALIA,Adelaide Comets,Adelaide United U23,2.18,3.8,2.72,1.31,2.87,1.3,2.95
EwcD1f2r,27/07/2024,04:30,AUSTRALIA - NPL SOUTH AUSTRALIA,Adelaide City,Croydon,1.82,3.85,3.6,1.42,2.45,1.42,2.45
YuqqJMXF,27/07/2024,04:30,AUSTRALIA - NPL SOUTH AUSTRALIA,FK Beograd,Modbury Jets,3.05,3.7,2.05,1.37,2.62,1.34,2.72
hUeH0EHl,27/07/2024,05:30,AUSTRALIA - NPL SOUTH AUSTRALIA,Adelaide Olympic,Para,2.18,3.75,2.77,1.37,2.65,1.34,2.75
jXBNabF8,27/07/2024,01:30,AUSTRALIA - NPL TASMANIA,Clarence Zebras,Devonport,9.0,5.9,1.24,1.29,2.95,1.62,2.02
OpAVcxpL,27/07/2024,05:30,AUSTRALIA - NPL TASMANIA,Kingborough Lions,South Hobart,2.95,4.25,1.93,1.26,3.15,1.29,3.0
6mpFFvYo,27/07/2024,00:00,AUSTRALIA - NPL VICTORIA,Green Gully,Avondale FC,3.85,4.2,1.7,1.39,2.55,1.44,2.4
dxwSCxI4,27/07/2024,02:00,AUSTRALIA - NPL VICTORIA,Oakleigh Cannons,Melbourne Knights,1.55,4.3,4.75,1.45,2.37,1.53,2.18
0AqJEbmh,27/07/2024,05:15,AUSTRALIA - NPL VICTORIA,Altona Magic,Moreland City,1.7,4.15,3.9,1.38,2.6,1.42,2.45
AHzc22fF,27/07/2024,04:00,AUSTRALIA - NPL WESTERN AUSTRALIA,Armadale,Inglewood Utd,1.95,3.7,3.1,1.27,3.1,1.42,2.45
Eksl4OP2,27/07/2024,04:00,AUSTRALIA - NPL WESTERN AUSTRALIA,Balcatta,Floreat Athena,3.1,3.9,1.88,1.47,2.32,1.44,2.42
nsbQpzPs,27/07/2024,04:00,AUSTRALIA - NPL WESTERN AUSTRALIA,Bayswater,Western Knights,1.5,4.75,4.35,1.36,2.67,1.36,2.65
Shoh3ru9,27/07/2024,04:00,AUSTRALIA - NPL WESTERN AUSTRALIA,Perth Glory U23,Fremantle City,3.55,4.5,1.72,1.24,3.3,1.29,3.0
0ng6uum2,27/07/2024,04:00,AUSTRALIA - NPL WESTERN AUSTRALIA,Perth RedStar,Stirling Macedonia,2.12,3.7,2.7,1.53,2.2,1.47,2.35
ncdu99w9,27/07/2024,01:15,AUSTRALIA - CAPITAL PREMIER LEAGUE,Wagga City Wanderers,Belconnen Utd.,4.25,4.65,1.52,1.22,3.65,1.3,3.38
veyK1RVr,27/07/2024,02:00,AUSTRALIA - CAPITAL PREMIER LEAGUE,Brindabella,ANU,2.12,3.9,2.6,1.3,3.08,1.3,3.38
rPkl7m8L,27/07/2024,02:00,AUSTRALIA - CAPITAL PREMIER LEAGUE,Canberra White Eagles,Canberra Juventus,2.32,3.95,2.35,1.3,3.08,1.3,3.38
hAJTBGDi,27/07/2024,02:00,AUSTRALIA - NSW LEAGUE ONE,Bankstown City Lions,Hakoah Sydney,2.4,3.4,2.52,1.53,2.18,1.46,2.63
ryA4Bn2B,27/07/2024,02:00,AUSTRALIA - NSW LEAGUE ONE,Bulls Academy,SD Raiders,1.95,3.7,3.05,1.46,2.45,1.44,2.7
vRHyAfr4,27/07/2024,04:00,AUSTRALIA - NSW LEAGUE ONE,Rydalmere Lions,Blacktown Spartans,2.9,3.65,2.02,1.36,2.79,1.35,3.08
v33D9QWN,27/07/2024,05:30,AUSTRALIA - NSW LEAGUE ONE,Northern Tigers,Nepean,1.17,6.7,9.25,1.17,4.5,1.47,2.6
Aofq44fo,27/07/2024,06:00,AUSTRALIA - NSW LEAGUE ONE,Dulwich Hill,Bonnyrigg White Eagles,2.7,3.7,2.12,1.41,2.6,1.38,2.94
zgBp8YCG,27/07/2024,06:00,AUSTRALIA - NSW LEAGUE ONE,Inter Lions,Mt Druitt Town,3.1,3.9,1.88,1.37,2.75,1.37,2.98
869h6CsT,27/07/2024,06:00,AUSTRALIA - NSW LEAGUE ONE,Macarthur Rams,Dunbar Rovers,2.1,3.55,2.82,1.52,2.22,1.46,2.63
SjjP0j5j,27/07/2024,06:00,AUSTRALIA - NSW LEAGUE ONE,UNSW,Canterbury Bankstown,1.85,3.9,3.2,1.42,2.57,1.42,2.77
l8u8D2b5,27/07/2024,03:15,AUSTRALIA - QUEENSLAND PREMIER LEAGUE,Broadbeach Utd.,SWQ Thunder,1.9,4.05,3.15,1.32,2.82,1.34,2.77
dUSki53j,27/07/2024,02:30,AUSTRALIA - SA STATE LEAGUE,Adelaide Cobras,Cumberland Utd.,2.42,3.9,2.37,1.4,2.52,1.39,2.57
K2EpDnQ9,27/07/2024,02:30,AUSTRALIA - SA STATE LEAGUE,Salisbury Utd.,Sturt Lions,1.95,4.15,2.95,1.33,2.8,1.35,2.72
OzLyF8ec,27/07/2024,02:30,AUSTRALIA - SA STATE LEAGUE,West Adelaide,Fulham Utd.,2.12,3.65,2.9,1.57,2.12,1.5,2.25
xtGH9DJH,27/07/2024,02:30,AUSTRALIA - SA STATE LEAGUE,Western Strikers,Blue Eagles,4.1,4.45,1.6,1.34,2.75,1.42,2.47
hGChBQfM,27/07/2024,03:00,AUSTRALIA - SA STATE LEAGUE,Adelaide Vipers,Adelaide Victory,1.83,4.15,3.3,1.33,2.8,1.35,2.7
4CBUThTa,27/07/2024,03:30,AUSTRALIA - TASMANIA NORTHERN CHAMPIONSHIP,Launceston U21,Riverside Olympic U21,5.3,5.4,1.36,1.25,3.75,1.25,3.45
fsITM6i5,27/07/2024,02:00,AUSTRALIA - VICTORIA PREMIER LEAGUE,Langwarrin,Western Utd. U21,4.0,4.35,1.65,1.36,2.67,1.42,2.45
bFOKOSMh,27/07/2024,02:00,AUSTRALIA - VICTORIA PREMIER LEAGUE,Melbourne City U21,Bentleigh Greens,2.15,3.75,2.77,1.45,2.37,1.42,2.45
nkzyLpMH,27/07/2024,04:30,AUSTRALIA - VICTORIA PREMIER LEAGUE,George Cross,Eastern Lions,2.1,3.75,2.9,1.47,2.32,1.44,2.4
xfVksssR,27/07/2024,04:00,AUSTRALIA - WA STATE LEAGUE,Gosnells City,Cockburn City,2.12,3.7,2.7,1.45,2.48,1.39,2.89
tSysq3CE,27/07/2024,04:00,AUSTRALIA - WA STATE LEAGUE,Joondalup Utd.,Mandurah City,2.9,3.7,2.02,1.3,3.08,1.26,3.69
hSWMZbZ0,27/07/2024,04:00,AUSTRALIA - WA STATE LEAGUE,Kingsley Westside,Nedlands,3.1,3.9,1.88,1.41,2.6,1.37,2.98
YPGLyL4l,27/07/2024,04:00,AUSTRALIA - WA STATE LEAGUE,Rockingham City,Sorrento,20.0,15.0,1.05,1.14,5.0,1.4,2.85
ELqeLaK7,27/07/2024,04:00,AUSTRALIA - WA STATE LEAGUE,Subiaco,Murdoch Melville,2.32,3.7,2.42,1.31,3.04,1.3,3.38
0hzVXx4D,27/07/2024,06:00,AUSTRALIA - WA STATE LEAGUE,Dianella White Eagle,Gwelup Croatia,1.62,4.2,3.9,1.18,4.1,1.21,4.19
n7iP0rHk,27/07/2024,12:00,AUSTRIA - OFB CUP,A. Salzburg,Reichenau,1.67,4.2,3.6,1.33,3.4,1.4,2.75
GbTYGf7m,27/07/2024,12:30,AUSTRIA - OFB CUP,Dietach,SPG Wels,5.0,4.5,1.44,1.3,3.5,1.4,2.75
dxDp8QOF,27/07/2024,12:30,AUSTRIA - OFB CUP,Donaufeld Wien,Altach,6.5,5.5,1.29,1.33,3.4,1.62,2.2
44FlQJ1b,27/07/2024,13:00,AUSTRIA - OFB CUP,ASK Klagenfurt,Sportunion Mauer,10.0,6.5,1.18,1.17,5.0,1.36,3.0
lC9xAnf3,27/07/2024,13:00,AUSTRIA - OFB CUP,Hohenems,Oedt,2.1,3.6,2.75,1.44,2.7,1.4,2.75
hUmxHFOp,27/07/2024,13:00,AUSTRIA - OFB CUP,Schwaz,Bregenz,4.33,4.0,1.57,1.53,2.4,1.57,2.25
WfRSK38L,27/07/2024,13:00,AUSTRIA - OFB CUP,SV Wildon,BW Linz,16.0,8.0,1.13,1.3,3.5,1.8,1.91
vaRITh8j,27/07/2024,13:15,AUSTRIA - OFB CUP,Kremser,Sturm Graz,21.0,11.0,1.08,1.13,6.0,1.5,2.5
xd67DL0e,27/07/2024,13:30,AUSTRIA - OFB CUP,SV Donau,ASK Voitsberg,10.0,6.5,1.18,1.33,3.4,1.8,1.91
t4qWxco4,27/07/2024,14:00,AUSTRIA - OFB CUP,Leobendorf,St. Polten,3.8,4.33,1.62,1.48,2.6,1.53,2.38
pvLkDC6C,27/07/2024,14:00,AUSTRIA - OFB CUP,Weindorf St. Anna,Admira,5.0,4.0,1.5,1.44,2.7,1.5,2.5
GK49TXjg,27/07/2024,14:30,AUSTRIA - OFB CUP,ASV Siegendorf,Floridsdorfer AC,6.0,5.0,1.33,1.36,3.1,1.57,2.25
zNO1w7Fs,27/07/2024,12:00,BELARUS - BELARUSIAN CUP,Volna Pinsk,Slutsk,3.48,3.1,2.27,1.9,1.9,1.7,2.1
SzYnqxn3,27/07/2024,14:00,BELARUS - BELARUSIAN CUP,Slavia Mozyr,Maxline,1.92,3.55,4.06,1.81,2.0,1.73,2.05
AN1O8Ige,27/07/2024,11:00,BELGIUM - JUPILER PRO LEAGUE,Dender,Royale Union SG,6.5,4.2,1.42,1.53,2.4,1.7,2.05
pv38okdU,27/07/2024,13:15,BELGIUM - JUPILER PRO LEAGUE,Beerschot VA,Leuven,2.7,3.25,2.45,1.83,2.03,1.67,2.1
0jwI5hsn,27/07/2024,15:45,BELGIUM - JUPILER PRO LEAGUE,Anderlecht,St. Truiden,1.48,4.0,6.0,1.62,2.25,1.8,1.95
n1O45p4d,27/07/2024,16:00,BOLIVIA - DIVISION PROFESIONAL,Santa Cruz,Oriente Petrolero,3.6,3.75,1.91,1.65,2.2,1.62,2.2
296iTmd3,27/07/2024,18:30,BOLIVIA - DIVISION PROFESIONAL,The Strongest,Aurora,1.6,3.7,6.0,1.67,2.15,1.67,2.1
zN4aRRQF,27/07/2024,21:00,BOLIVIA - DIVISION PROFESIONAL,Wilstermann,Royal Pari,1.7,3.5,5.25,2.05,1.75,1.91,1.8
0GIWuSCe,27/07/2024,19:00,BRAZIL - SERIE A,Juventude,Criciuma,2.1,3.3,3.6,2.3,1.6,1.95,1.8
8IwhmAKL,27/07/2024,19:00,BRAZIL - SERIE A,Palmeiras,Vitoria,1.36,5.0,9.0,1.73,2.08,2.05,1.7
ITpujCz3,27/07/2024,20:00,BRAZIL - SERIE A,Bahia,Internacional,2.05,3.25,3.9,2.15,1.67,1.95,1.8
Qglmlj5F,27/07/2024,21:30,BRAZIL - SERIE A,Botafogo RJ,Cruzeiro,1.91,3.4,4.2,2.25,1.62,2.0,1.75
v1UNslrq,27/07/2024,21:30,BRAZIL - SERIE A,Fortaleza,Sao Paulo,2.3,3.2,3.3,2.3,1.6,2.0,1.75
vwEw5WUt,27/07/2024,17:00,BRAZIL - SERIE B,Coritiba,Chapecoense-SC,1.65,3.4,6.0,2.3,1.6,2.2,1.62
WWjClBp0,27/07/2024,17:00,BRAZIL - SERIE B,Mirassol,Operario,1.85,3.1,5.0,2.88,1.4,2.5,1.5
CjCo3Aag,27/07/2024,18:00,BRAZIL - SERIE B,Sport Recife,Ponte Preta,1.73,3.3,5.75,2.1,1.7,2.0,1.73
bc7lvm4c,27/07/2024,10:00,BRAZIL - COPA PAULISTA,EC Sao Bernardo,Uniao Suzano,1.9,3.15,4.1,2.0,1.65,1.8,1.8
OzHuCqwe,27/07/2024,15:00,BRAZIL - COPA PAULISTA,Monte Azul,Botafogo SP B,2.15,3.25,3.15,1.95,1.75,1.72,1.9
63K2GqCj,27/07/2024,15:00,BRAZIL - COPA PAULISTA,Oeste,Portuguesa,3.6,3.05,2.07,2.32,1.47,2.05,1.62
nJwWL5lT,27/07/2024,15:00,BRAZIL - COPA PAULISTA,Rio Branco SP,Capivariano,2.45,3.15,2.75,2.07,1.6,1.83,1.78
02uONRJG,27/07/2024,15:00,BRAZIL - COPA PAULISTA,Rio Claro,Piracicaba,2.57,3.05,2.67,2.0,1.65,1.75,1.85
vmiFPmk4,27/07/2024,15:00,BRAZIL - COPA PAULISTA,Taquaritinga,Sao-Carlense,1.65,3.4,5.3,2.32,1.47,2.32,1.47
d4Ny6lj5,27/07/2024,13:00,BULGARIA - PARVA LIGA,CSKA Sofia,Hebar,1.13,8.0,21.0,1.44,2.7,2.38,1.53
4UQq4SKH,27/07/2024,15:15,BULGARIA - PARVA LIGA,Slavia Sofia,Ludogorets,7.0,4.75,1.4,1.73,2.08,2.0,1.73
MT96qSxh,27/07/2024,20:00,CANADA - CANADIAN PREMIER LEAGUE,Forge,HFX Wanderers,2.05,3.35,3.5,1.88,1.88,1.7,2.05
SvWerGv5,27/07/2024,13:30,CHILE - PRIMERA DIVISION,Copiapo,Coquimbo,2.88,3.3,2.45,1.9,1.95,1.67,2.1
dKNCvYwU,27/07/2024,16:00,CHILE - PRIMERA DIVISION,U. Espanola,Cobresal,1.73,4.0,4.33,1.5,2.5,1.53,2.38
MsTmpxAh,27/07/2024,18:30,CHILE - PRIMERA DIVISION,Colo Colo,O'Higgins,1.53,4.2,5.75,1.83,2.03,1.83,1.83
zyW3LOpa,27/07/2024,13:00,CHILE - SEGUNDA DIVISION,Deportes Rengo,Trasandino,1.7,3.7,4.35,1.91,1.8,1.83,1.78
61RaM4Vh,27/07/2024,16:00,CHILE - SEGUNDA DIVISION,Osorno,General Velasquez,2.55,3.25,2.57,1.57,2.1,1.45,2.37
SASeNpGn,27/07/2024,18:30,CHILE - SEGUNDA DIVISION,Concon National,D. Concepcion,4.59,3.5,1.67,1.93,1.7,1.75,1.85
2knp1fap,27/07/2024,21:00,CHILE - SEGUNDA DIVISION,Provincial Ovalle,Arturo Fernandez Vial,2.05,3.1,3.6,2.42,1.44,2.15,1.55
nsjlZGZg,27/07/2024,08:00,CHINA - SUPER LEAGUE,Changchun Yatai,Cangzhou,1.48,4.33,6.5,1.53,2.4,1.7,2.05
t4khYzk0,27/07/2024,08:35,CHINA - SUPER LEAGUE,Tianjin Jinmen Tiger,Qingdao West Coast,1.6,4.0,5.25,1.57,2.35,1.67,2.1
SKiBfJ14,27/07/2024,18:00,COLOMBIA - PRIMERA A,Once Caldas,Atl. Nacional,2.75,3.25,2.55,2.6,1.48,2.2,1.62
6iOTstIb,27/07/2024,20:10,COLOMBIA - PRIMERA A,Santa Fe,La Equidad,1.75,3.4,5.0,2.5,1.5,2.38,1.53
lztKhcWG,27/07/2024,22:20,COLOMBIA - PRIMERA A,Ind. Medellin,Junior,2.25,3.2,3.3,2.15,1.67,1.91,1.8
MNvRAyT7,27/07/2024,22:00,COSTA RICA - PRIMERA DIVISION,Guanacasteca,Herediano,3.4,3.4,1.91,2.05,1.75,1.83,1.83
C0o8TI3U,27/07/2024,23:00,COSTA RICA - PRIMERA DIVISION,San Carlos,Liberia,1.75,3.7,3.6,1.57,2.35,1.53,2.38
GtzrQSp9,27/07/2024,09:30,CZECH REPUBLIC - CHANCE LIGA,Dukla Prague,Bohemians,3.0,3.4,2.15,1.8,2.05,1.67,2.1
WzgI970S,27/07/2024,12:00,CZECH REPUBLIC - CHANCE LIGA,FK Pardubice,Karvina,2.38,3.25,2.75,1.98,1.88,1.7,2.05
z9a9BTVF,27/07/2024,12:00,CZECH REPUBLIC - CHANCE LIGA,Teplice,Sparta Prague,6.25,4.2,1.42,1.75,2.05,2.0,1.75
2e11Dk13,27/07/2024,15:00,CZECH REPUBLIC - CHANCE LIGA,Slavia Prague,Ceske Budejovice,1.11,7.5,17.0,1.3,3.5,2.0,1.75
CSJIcKZi,27/07/2024,05:15,CZECH REPUBLIC - CHNL,Sigma Olomouc B,Prostejov,2.2,3.4,2.9,1.8,2.0,1.62,2.2
n9t5Bfug,27/07/2024,05:30,CZECH REPUBLIC - MOL CUP,Skastice,Uhersky Brod,3.0,4.5,1.8,1.4,2.88,1.42,2.67
KKskpItf,27/07/2024,11:30,CZECH REPUBLIC - MOL CUP,Bridlicna,Rymarov,2.0,4.0,2.75,1.44,2.7,1.4,2.85
l0Z5tztJ,27/07/2024,12:30,CZECH REPUBLIC - MOL CUP,Bzenec,Lanzhot,1.8,4.0,3.25,1.53,2.4,1.5,2.51
8OUD9Y95,27/07/2024,12:30,CZECH REPUBLIC - MOL CUP,Havlickuv Brod,Rosice,2.75,4.0,2.0,1.44,2.7,1.4,2.85
tCwcDGAt,27/07/2024,13:00,CZECH REPUBLIC - MOL CUP,Zdar na Sazavou,Blansko,2.4,4.0,2.25,1.53,2.4,1.47,2.6
U5etxgv8,27/07/2024,11:00,DENMARK - SUPERLIGA,Nordsjaelland,Midtjylland,2.1,3.8,3.1,1.5,2.5,1.44,2.63
OtlLePEs,27/07/2024,08:00,DENMARK - 1ST DIVISION,Roskilde,B.93,2.4,3.5,2.5,1.57,2.35,1.5,2.5
UgJLg3qf,27/07/2024,09:00,DENMARK - 1ST DIVISION,Fredericia,Vendsyssel,2.25,3.6,2.88,1.48,2.6,1.4,2.75
Yq31JHY8,27/07/2024,21:00,ECUADOR - COPA ECUADOR,Cuniburo,Macara,2.87,3.15,2.37,2.25,1.5,1.98,1.65
S8iFyOWb,27/07/2024,18:30,EL SALVADOR - PRIMERA DIVISION,Luis Angel Firpo,Platense Municipal,1.78,3.6,4.0,1.78,1.93,1.7,1.93
Y5fNZ11B,27/07/2024,21:00,EL SALVADOR - PRIMERA DIVISION,Alianza FC,Municipal Limeno,1.52,3.85,5.8,1.87,1.85,1.9,1.72
Uk3CmQrj,27/07/2024,11:00,ESTONIA - MEISTRILIIGA,Kalju,Tammeka,1.65,3.65,4.35,1.65,2.0,1.67,2.15
4lXn5Pq2,27/07/2024,12:00,EUROPE - EURO U19 WOMEN,Spain U19 W,Netherlands U19 W,2.35,3.25,2.8,1.85,1.85,1.65,2.0
CzpgtQQO,27/07/2024,11:00,FINLAND - VEIKKAUSLIIGA,HJK,AC Oulu,1.4,4.2,7.0,1.7,2.1,1.95,1.8
lhTy593P,27/07/2024,11:00,FINLAND - VEIKKAUSLIIGA,SJK,Lahti,1.33,4.75,8.0,1.57,2.35,1.91,1.91
Cjjwlqik,27/07/2024,10:00,FINLAND - YKKOSLIIGA,JaPS,Jaro,5.5,4.15,1.5,1.57,2.1,1.7,1.93
bqA2foEL,27/07/2024,10:00,FINLAND - YKKOSLIIGA,JIPPO,TPS,2.7,3.05,2.55,1.93,1.78,1.65,1.98
ITjZlPyq,27/07/2024,10:00,FINLAND - YKKOSLIIGA,KaPa,KTP,5.3,4.3,1.5,1.39,2.57,1.47,2.32
t8a7g5TR,27/07/2024,10:00,FINLAND - YKKOSLIIGA,Mikkeli,SJK Akatemia,4.1,3.6,1.75,1.65,1.98,1.62,2.02
KhBbeRbF,27/07/2024,10:00,FINLAND - YKKOSLIIGA,SalPa,PK-35,2.3,3.2,2.9,1.78,1.93,1.57,2.12
YZXMx0vG,27/07/2024,10:00,FINLAND - YKKONEN,Vaajakoski,Rovaniemi,3.6,3.8,1.73,1.53,2.4,1.53,2.38
CQWQyKgM,27/07/2024,12:00,FINLAND - YKKONEN,Keski-Uusimaa,OLS Oulu,3.7,4.1,1.73,1.48,2.6,1.5,2.5
KjWUzv9S,27/07/2024,13:00,FINLAND - YKKONEN,KuPS Akatemia,KPV Kokkola,4.0,4.0,1.67,1.57,2.35,1.57,2.25
W4bibibc,27/07/2024,08:00,FINLAND - KANSALLINEN LIIGA WOMEN,PK-35 Vantaa W,Aland Utd W,3.1,3.75,1.93,1.53,2.2,1.45,2.55
Mgi4ekrG,27/07/2024,10:00,FINLAND - KANSALLINEN LIIGA WOMEN,KuPS W,PK-35 Helsinki W,1.12,6.6,14.5,1.4,2.64,1.91,1.8
EVjf2ySH,27/07/2024,18:00,HONDURAS - LIGA NACIONAL,Marathon,Victoria,1.44,4.1,5.8,1.65,2.0,1.83,1.93
zou30FdU,27/07/2024,22:00,HONDURAS - LIGA NACIONAL,Genesis,Olimpia,4.3,3.65,1.65,1.78,1.87,1.79,1.98
hQPJirI5,27/07/2024,11:00,ICELAND - BESTA DEILD KARLA,Vestri,Hafnarfjordur,4.8,4.3,1.57,1.44,2.62,1.52,2.37
YX4jpn7s,27/07/2024,12:00,ICELAND - DIVISION 1,Thor Akureyri,Vestmannaeyjar,2.67,3.65,2.27,1.52,2.22,1.45,2.37
xIJ8Z4C5,27/07/2024,11:00,ICELAND - DIVISION 2,Aegir,Haukar,2.27,3.7,2.5,1.52,2.22,1.44,2.7
42E02jkR,27/07/2024,15:45,IRELAND - PREMIER DIVISION,Sligo Rovers,Galway,3.1,3.1,2.2,2.25,1.62,2.0,1.75
MDcckUid,27/07/2024,10:00,IRELAND - NATIONAL LEAGUE WOMEN,Shelbourne W,DLR Waves W,1.19,5.6,10.75,1.48,2.4,2.25,1.57
zHouEDUd,27/07/2024,11:00,IRELAND - NATIONAL LEAGUE WOMEN,Bohemians WFC W,Sligo Rovers W,1.62,3.65,4.6,1.78,1.87,1.8,1.91
KKFqBBEF,27/07/2024,12:00,IRELAND - NATIONAL LEAGUE WOMEN,Shamrock Rovers W,Cork City W,1.4,4.25,6.1,1.62,2.02,1.8,1.91
tUGuCia9,27/07/2024,13:00,IRELAND - NATIONAL LEAGUE WOMEN,Treaty Utd W,Wexford W,2.9,3.4,2.12,1.82,1.82,1.72,2.0
E7pqDXq3,27/07/2024,15:35,IRELAND - NATIONAL LEAGUE WOMEN,Peamount W,Athlone WFC W,3.5,3.5,1.85,1.78,1.85,1.65,2.1
0fPQRGSm,27/07/2024,10:00,KAZAKHSTAN - PREMIER LEAGUE,Shakhter Karagandy,Kairat Almaty,5.1,3.3,1.7,2.02,1.62,1.91,1.7
8KSYPfc0,27/07/2024,12:00,KAZAKHSTAN - PREMIER LEAGUE,Yelimay Semey,Zhenis,1.47,3.95,6.4,1.88,1.82,1.98,1.65
xdUvflRB,27/07/2024,10:00,LATVIA - VIRSLIGA,Tukums 2000,RFS,17.0,9.2,1.08,1.22,3.65,2.02,1.75
n7ySdjsg,27/07/2024,12:00,LATVIA - VIRSLIGA,Grobina,Metta,2.35,3.35,2.6,1.55,2.15,1.49,2.54
0MezmKJD,27/07/2024,12:00,LITHUANIA - A LYGA,Dziugas Telsiai,FK Panevezys,2.72,2.8,2.6,2.32,1.47,2.03,1.75
URpP6kMc,27/07/2024,08:00,MACAO - ELITE LEAGUE,Chao Pak Kei,Benfica,1.65,4.1,3.85,1.43,2.54,1.46,2.63
z30D8Qt3,27/07/2024,00:00,MEXICO - LIGA DE EXPANSION MX,Leones Negros,Tapatio,1.8,3.5,3.95,1.85,1.85,1.72,1.88
lAKInqKq,27/07/2024,20:00,MEXICO - LIGA DE EXPANSION MX,Tlaxcala,Atletico La Paz,2.02,3.35,3.35,1.85,1.87,1.65,1.98
f7NQpNld,27/07/2024,22:00,MEXICO - LIGA DE EXPANSION MX,Zacatecas Mineros,Dorados de Sinaloa,1.5,4.1,5.5,1.57,2.1,1.65,1.98
CYIxPt6N,27/07/2024,23:00,NEW ZEALAND - CHATHAM CUP,Napier City,Birkenhead,2.18,3.9,2.55,1.22,3.65,1.23,3.97
SbC03ek4,27/07/2024,20:06,NORTH & CENTRAL AMERICA - CONCACAF CHAMPIONSHIP U20,Guatemala U20,Haiti U20,1.65,3.65,4.4,1.53,2.2,1.62,2.23
OQ591ZJG,27/07/2024,23:06,NORTH & CENTRAL AMERICA - CONCACAF CHAMPIONSHIP U20,Mexico U20,Panama U20,1.44,4.05,5.9,1.53,2.18,1.65,2.18
G6eVOqw8,27/07/2024,00:00,NORTH & CENTRAL AMERICA - LEAGUES CUP,Los Angeles FC,Club Tijuana,1.57,3.75,6.0,1.7,2.1,1.73,2.0
WdYMUZQQ,27/07/2024,21:00,NORTH & CENTRAL AMERICA - LEAGUES CUP,Houston Dynamo,Atlas,1.91,3.6,3.75,1.73,2.08,1.62,2.2
6VzTdhAJ,27/07/2024,21:00,NORTH & CENTRAL AMERICA - LEAGUES CUP,New England Revolution,Mazatlan FC,1.7,3.8,4.1,1.67,2.15,1.67,2.1
G4Q2jjmm,27/07/2024,21:00,NORTH & CENTRAL AMERICA - LEAGUES CUP,New York Red Bulls,Toronto FC,1.62,4.0,5.0,1.65,2.2,1.67,2.1
YPWqzV26,27/07/2024,21:00,NORTH & CENTRAL AMERICA - LEAGUES CUP,Philadelphia Union,Charlotte,2.1,3.6,3.2,1.67,2.15,1.62,2.2
b7vXxXIm,27/07/2024,21:00,NORTH & CENTRAL AMERICA - LEAGUES CUP,Puebla,Inter Miami,5.5,4.0,1.57,1.53,2.4,1.62,2.2
KKZzF89q,27/07/2024,22:00,NORTH & CENTRAL AMERICA - LEAGUES CUP,St. Louis City,FC Dallas,2.0,3.5,3.6,1.57,2.35,1.5,2.5
IiTqHeuU,27/07/2024,23:00,NORTH & CENTRAL AMERICA - LEAGUES CUP,Guadalajara Chivas,San Jose Earthquakes,2.55,3.2,2.8,1.7,2.1,1.53,2.38
bNxanFge,27/07/2024,11:00,NORWAY - ELITESERIEN,KFUM Oslo,Bodo/Glimt,5.0,4.1,1.62,1.57,2.35,1.62,2.2
pKYfmevk,27/07/2024,13:00,NORWAY - ELITESERIEN,Fredrikstad,Rosenborg,2.05,3.4,3.5,1.93,1.93,1.75,2.0
GWlXpCBK,27/07/2024,11:00,NORWAY - OBOS-LIGAEN,Aalesund,Egersund,1.75,3.9,3.75,1.4,2.88,1.4,2.75
S6hypWQQ,27/07/2024,11:00,NORWAY - OBOS-LIGAEN,Asane,Raufoss,2.1,3.4,3.0,1.67,2.15,1.57,2.25
IHIWtrgk,27/07/2024,11:00,NORWAY - OBOS-LIGAEN,Bryne,Sandnes,1.33,5.0,7.5,1.53,2.4,1.8,1.91
WKMzt28e,27/07/2024,11:00,NORWAY - OBOS-LIGAEN,Kongsvinger,Levanger,1.8,3.8,3.6,1.5,2.5,1.5,2.5
QsMvuMN1,27/07/2024,11:00,NORWAY - OBOS-LIGAEN,Mjondalen,Lyn,3.3,3.6,1.95,1.57,2.35,1.5,2.5
4YKrvtw8,27/07/2024,11:00,NORWAY - OBOS-LIGAEN,Sogndal,Start,1.7,4.0,4.2,1.53,2.4,1.57,2.25
rJjPnYt8,27/07/2024,11:00,NORWAY - OBOS-LIGAEN,Stabaek,Moss,1.91,3.8,3.3,1.5,2.5,1.44,2.63
joXmpyNN,27/07/2024,20:00,PANAMA - LPF,UMECIT,Deportivo Universitario,2.27,3.05,3.1,2.05,1.6,1.8,1.8
82DKvFpo,27/07/2024,22:15,PANAMA - LPF,Arabe Unido,Tauro,4.9,3.2,1.75,2.1,1.57,1.98,1.65
hWWMyMVo,27/07/2024,17:00,PARAGUAY - PRIMERA DIVISION,Ameliano,Tacuary,2.2,3.25,3.3,2.25,1.62,2.0,1.73
0dzVZa0b,27/07/2024,19:30,PARAGUAY - PRIMERA DIVISION,Sp. Luqueno,Sol de America,1.8,3.3,5.0,2.25,1.62,2.0,1.73
ILvOyQ1s,27/07/2024,15:00,PERU - LIGA 1,Sporting Cristal,Cienciano,1.25,6.0,8.0,1.5,2.5,2.0,1.73
QorWZ3Wg,27/07/2024,17:15,PERU - LIGA 1,ADT Tarma,Los Chankas,1.53,4.0,5.0,1.73,2.08,1.8,1.91
2umeOEzp,27/07/2024,09:45,POLAND - EKSTRAKLASA,Stal Mielec,GKS Katowice,2.2,3.4,3.2,1.9,1.95,1.7,2.05
As8GVdrA,27/07/2024,12:30,POLAND - EKSTRAKLASA,Radomiak Radom,Jagiellonia,3.3,3.4,2.05,1.73,2.08,1.62,2.2
b7t4Mh5d,27/07/2024,15:15,POLAND - EKSTRAKLASA,Widzew Lodz,Lech Poznan,3.6,3.7,1.95,1.93,1.93,1.75,2.0
SI6o3zS9,27/07/2024,09:30,POLAND - DIVISION 1,Chrobry Glogow,Termalica B-B.,3.0,3.4,2.15,1.75,2.05,1.62,2.2
naoClyDG,27/07/2024,12:00,POLAND - DIVISION 1,Leczna,S. Rzeszow,1.85,3.4,3.8,1.88,1.98,1.73,2.0
63Ix5dcc,27/07/2024,14:35,POLAND - DIVISION 1,Warta Poznan,Wisla Plock,2.88,3.4,2.2,1.95,1.9,1.73,2.0
8UDxlSC6,27/07/2024,13:00,ROMANIA - LIGA 1,Poli Iasi,Gloria Buzau,1.95,3.25,3.7,2.35,1.57,2.0,1.73
0pnmwBbl,27/07/2024,16:00,ROMANIA - LIGA 1,Sepsi Sf. Gheorghe,Din. Bucuresti,1.75,3.7,4.0,1.73,2.08,1.67,2.1
0z3AFGyh,27/07/2024,09:00,RUSSIA - PREMIER LEAGUE,Pari NN,CSKA Moscow,4.97,3.73,1.83,2.27,1.74,2.05,1.73
GULpaeiB,27/07/2024,11:30,RUSSIA - PREMIER LEAGUE,Dynamo Moscow,Lokomotiv Moscow,2.11,3.98,3.45,1.66,2.43,1.53,2.43
8tGOiDqo,27/07/2024,11:30,RUSSIA - PREMIER LEAGUE,Rubin Kazan,Zenit,5.27,4.08,1.72,1.97,1.97,1.88,1.88
ldZicZLN,27/07/2024,14:00,RUSSIA - PREMIER LEAGUE,Fakel Voronezh,Akron Togliatti,2.22,3.4,3.69,2.45,1.65,2.03,1.75
OzNlBGOc,27/07/2024,08:00,RUSSIA - FNL,Yenisey,Torpedo Moscow,2.5,3.1,2.88,2.41,1.55,1.99,1.78
K03U5t4F,27/07/2024,12:00,RUSSIA - FNL,Saratov,Kamaz,2.12,3.13,3.66,2.57,1.49,2.14,1.67
pEgp0jGd,27/07/2024,13:30,RUSSIA - FNL,Chernomorets Novorossijsk,Ural,3.44,3.26,2.14,2.24,1.63,1.94,1.82
CjxkYcAa,27/07/2024,11:00,SCOTLAND - LEAGUE CUP,Aberdeen,Dumbarton,1.08,8.5,21.0,1.4,2.88,2.63,1.44
KGucWyuC,27/07/2024,11:00,SCOTLAND - LEAGUE CUP,Airdrieonians,Queen of South,1.4,4.0,7.0,1.57,2.35,1.75,2.0
tWT5UF9O,27/07/2024,11:00,SCOTLAND - LEAGUE CUP,Ayr,Buckie Thistle,1.05,15.0,34.0,1.22,4.2,2.63,1.44
Ao4FlJft,27/07/2024,11:00,SCOTLAND - LEAGUE CUP,Bonnyrigg Rose,Arbroath,3.1,4.5,1.8,1.57,2.35,1.57,2.25
6DcOncPh,27/07/2024,11:00,SCOTLAND - LEAGUE CUP,Clyde,Montrose,2.15,3.4,3.0,1.6,2.3,1.5,2.5
vReWpyf5,27/07/2024,11:00,SCOTLAND - LEAGUE CUP,Dundee FC,Inverness,1.33,5.25,5.75,1.6,2.3,1.95,1.8
zgkuqFOH,27/07/2024,11:00,SCOTLAND - LEAGUE CUP,Dunfermline,Cove Rangers,1.44,4.5,5.5,1.57,2.35,1.75,2.0
tjhmsggU,27/07/2024,11:00,SCOTLAND - LEAGUE CUP,Falkirk,Stenhousemuir,1.22,5.5,12.0,1.44,2.7,1.95,1.8
hUL5az9b,27/07/2024,11:00,SCOTLAND - LEAGUE CUP,Hibernian,Peterhead,1.11,8.5,17.0,1.25,4.0,1.95,1.8
ldFEcEwB,27/07/2024,11:00,SCOTLAND - LEAGUE CUP,Livingston,Spartans,1.33,4.75,7.5,1.67,2.15,2.0,1.75
p4Ic1dvn,27/07/2024,11:00,SCOTLAND - LEAGUE CUP,Morton,Alloa,2.15,3.4,2.8,1.7,2.1,1.62,2.2
Krxnu6Nq,27/07/2024,11:00,SCOTLAND - LEAGUE CUP,Queen's Park,Kelty Hearts,1.42,4.33,6.5,1.53,2.4,1.7,2.05
Qe7nwphd,27/07/2024,11:00,SCOTLAND - LEAGUE CUP,Raith,Hamilton,1.6,4.0,4.5,1.65,2.2,1.7,2.05
h2aY0mp3,27/07/2024,11:00,SCOTLAND - LEAGUE CUP,Ross County,Stirling,1.14,6.0,17.0,1.53,2.4,2.38,1.53
EHmsaREF,27/07/2024,11:00,SCOTLAND - LEAGUE CUP,St Johnstone,East Fife,1.25,5.75,8.5,1.6,2.3,2.05,1.7
h8fIpYaT,27/07/2024,15:00,SERBIA - SUPER LIGA,Crvena zvezda,Mladost,1.11,7.3,24.0,1.36,2.92,2.27,1.57
YwlJywHb,27/07/2024,15:00,SERBIA - SUPER LIGA,Jedinstvo U.,Partizan,5.5,4.25,1.5,1.72,2.05,1.83,1.87
U5sSZGoB,27/07/2024,15:00,SERBIA - SUPER LIGA,Zeleznicar Pancevo,Napredak,1.85,3.4,4.05,2.0,1.75,1.85,1.85
86P39G5L,27/07/2024,07:00,SINGAPORE - PREMIER LEAGUE,Albirex Niigata,Tampines,9.0,7.5,1.17,1.17,5.0,1.5,2.5
xb7Md7dd,27/07/2024,07:00,SINGAPORE - PREMIER LEAGUE,DPMM,Young Lions,1.95,3.8,2.9,1.33,3.4,1.33,3.25
fLxK1U8j,27/07/2024,13:00,SLOVAKIA - NIKE LIGA,Podbrezova,Zilina,2.55,3.7,2.47,1.52,2.47,1.44,2.57
pnil7joT,27/07/2024,13:00,SLOVAKIA - NIKE LIGA,Skalica,Michalovce,1.93,3.3,4.05,2.12,1.7,1.91,1.8
ATK6PX0c,27/07/2024,15:30,SLOVAKIA - NIKE LIGA,Komarno,Slovan Bratislava,5.8,4.5,1.47,1.65,2.22,1.78,1.93
vmLKAWff,27/07/2024,12:00,SLOVAKIA - 2. LIGA,Lubovna,Z. Moravce-Vrable,4.35,4.0,1.65,1.53,2.2,1.57,2.12
zZ4NUinQ,27/07/2024,12:00,SLOVAKIA - 2. LIGA,Malzenice,FK Humenne,3.05,3.25,2.18,2.02,1.62,1.83,1.78
Ig8nPV9m,27/07/2024,12:00,SLOVAKIA - 2. LIGA,Povazska Bystrica,Slovan Bratislava B,1.4,4.5,6.4,1.55,2.15,1.75,1.85
ruIy7lfJ,27/07/2024,12:00,SLOVAKIA - 2. LIGA,Puchov,Presov,2.67,3.3,2.42,1.7,1.93,1.55,2.15
nDOS8AP6,27/07/2024,12:00,SLOVAKIA - 2. LIGA,Zvolen,Petrzalka,5.4,3.75,1.57,1.53,2.18,1.57,2.12
fR7Qcsfl,27/07/2024,10:00,SLOVAKIA - SLOVAK CUP,Bernolakovo,Nova Dedinka,2.45,3.45,2.45,1.49,2.38,1.44,2.7
dnd0BGY9,27/07/2024,15:15,SLOVENIA - PRVA LIGA,Domzale,Mura,2.4,3.2,2.87,1.93,1.82,1.7,2.02
bPP0HP87,27/07/2024,07:00,SOUTH KOREA - K LEAGUE 1,Gwangju FC,Suwon FC,2.1,3.25,3.3,1.9,1.95,1.73,2.0
nuJrt9o8,27/07/2024,07:30,SOUTH KOREA - K LEAGUE 1,Daegu,Daejeon,1.95,3.3,4.0,2.03,1.83,1.8,1.91
QVHnuT0E,27/07/2024,07:30,SOUTH KOREA - K LEAGUE 1,Incheon,Seoul,3.3,3.2,2.25,2.05,1.8,1.73,2.0
Ie7PDhME,27/07/2024,07:00,SOUTH KOREA - K LEAGUE 2,Anyang,Asan,2.1,3.25,3.2,2.15,1.67,1.91,1.8
nVBTCCyL,27/07/2024,07:30,SOUTH KOREA - K LEAGUE 2,Seongnam,Bucheon FC 1995,2.35,3.3,2.7,2.08,1.73,1.83,1.83
0hI8jlJR,27/07/2024,10:00,SWEDEN - ALLSVENSKAN,Norrkoping,Kalmar,2.2,3.6,3.0,1.67,2.15,1.57,2.25
ITS3iU3L,27/07/2024,12:30,SWEDEN - ALLSVENSKAN,Goteborg,Brommapojkarna,2.05,3.6,3.3,1.7,2.1,1.57,2.25
S22mq6B1,27/07/2024,12:30,SWEDEN - ALLSVENSKAN,Malmo FF,Sirius,1.25,6.0,9.0,1.33,3.4,1.7,2.05
AR7rpnde,27/07/2024,15:00,SWEDEN - ALLSVENSKAN,Halmstad,Varnamo,3.2,3.25,2.25,1.88,1.98,1.62,2.2
SdeK5cTs,27/07/2024,08:00,SWEDEN - SUPERETTAN,Utsikten,Sandviken,2.55,3.4,2.45,1.75,2.05,1.62,2.2
IolX2eD0,27/07/2024,10:00,SWEDEN - SUPERETTAN,Degerfors,Skovde AIK,1.4,4.2,6.5,1.73,2.08,1.95,1.8
pYkP4Hrl,27/07/2024,10:00,SWEDEN - SUPERETTAN,Ostersund,Varberg,1.83,3.6,3.8,1.83,2.03,1.75,2.0
YHAnCAKF,27/07/2024,13:00,SWITZERLAND - SUPER LEAGUE,Grasshoppers,Luzern,2.4,3.6,2.7,1.6,2.3,1.5,2.5
vHxKg24l,27/07/2024,13:00,SWITZERLAND - SUPER LEAGUE,Sion,Lausanne,2.55,3.5,2.6,1.7,2.1,1.57,2.25
0WQSitZ0,27/07/2024,15:30,SWITZERLAND - SUPER LEAGUE,Basel,Lugano,2.45,3.5,2.7,1.62,2.25,1.5,2.5
Wfk9I8Pr,27/07/2024,10:00,URUGUAY - PRIMERA DIVISION,Miramar,Cerro Largo,2.45,3.2,2.55,2.05,1.75,1.83,1.83
jw9gOwd4,27/07/2024,12:30,URUGUAY - PRIMERA DIVISION,Fenix,Progreso,2.45,3.0,2.63,2.3,1.6,1.91,1.8
IPAoQaRi,27/07/2024,17:30,URUGUAY - PRIMERA DIVISION,Penarol,Defensor Sp.,1.7,3.4,4.2,2.05,1.75,1.91,1.8
n522MHQG,27/07/2024,17:30,URUGUAY - PRIMERA DIVISION,Wanderers,Maldonado,2.05,3.25,3.1,2.15,1.67,1.91,1.8
ENtXZ5mc,27/07/2024,20:00,USA - USL CHAMPIONSHIP,Detroit,Sacramento Republic,2.9,3.05,2.32,2.15,1.65,1.87,1.83
r3YmWNnM,27/07/2024,20:00,USA - USL CHAMPIONSHIP,Miami FC,Oakland Roots,3.2,3.65,1.95,1.57,2.25,1.53,2.32
tliiVs2S,27/07/2024,20:00,USA - USL CHAMPIONSHIP,Pittsburgh,Loudoun,1.75,3.55,4.1,1.93,1.82,1.85,1.85
CI2lBMAd,27/07/2024,20:30,USA - USL CHAMPIONSHIP,Birmingham,Orange County SC,1.72,3.55,4.2,1.87,1.87,1.82,1.9
bTwJQ1Aq,27/07/2024,20:30,USA - USL CHAMPIONSHIP,Rhode Island,North Carolina,2.02,3.5,3.15,1.7,2.12,1.57,2.25
xKxNPLPk,27/07/2024,20:30,USA - USL CHAMPIONSHIP,Tampa Bay,Charleston,1.87,3.35,3.75,1.83,1.91,1.7,2.02
MmpuYqI9,27/07/2024,21:00,USA - USL CHAMPIONSHIP,Louisville City,Monterey Bay,1.33,4.8,7.1,1.53,2.35,1.83,1.87
0vqqX3XF,27/07/2024,21:30,USA - USL CHAMPIONSHIP,Memphis,San Antonio,2.07,3.3,3.2,1.82,1.91,1.65,2.1
hEuyZP23,27/07/2024,22:00,USA - USL CHAMPIONSHIP,El Paso,New Mexico,3.0,3.2,2.18,1.91,1.83,1.72,2.02
zqO792BD,27/07/2024,10:30,WALES - CYMRU SOUTH,Carmarthen Town,Goytre Utd,1.62,4.2,3.9,1.34,2.88,1.41,2.81
pEsjMueJ,27/07/2024,10:30,WALES - CYMRU SOUTH,Cwmbran Celtic,Cambrian United,2.62,3.9,2.12,1.41,2.6,1.38,2.94
x8UypqmQ,27/07/2024,10:30,WALES - CYMRU SOUTH,Llantwit Major,Trethomas Bluebirds,1.95,3.9,2.9,1.34,2.88,1.35,3.08
6wm0vNAm,27/07/2024,10:30,WALES - CYMRU SOUTH,Penrhiwceiber Rangers,Baglan Dragons,3.7,4.3,1.65,1.3,3.08,1.36,3.03
tr43XVi5,27/07/2024,10:30,WALES - CYMRU NORTH,Guilsfield,Caersws FC,1.7,4.1,3.6,1.38,2.71,1.43,2.73
E9HAV9MH,27/07/2024,10:30,WALES - CYMRU NORTH,Holywell,Prestatyn,1.12,7.0,13.5,1.27,3.28,1.93,1.83
AyBJTmiU,27/07/2024,10:30,WALES - CYMRU NORTH,Mold Alexandra,Llandudno,1.85,4.0,3.1,1.35,2.84,1.36,3.03
SKVwunjI,27/07/2024,23:30,WORLD - FRIENDLY INTERNATIONAL,Guatemala,El Salvador,2.45,3.3,2.5,1.9,1.9,1.65,1.98
ATbTMyLP,27/07/2024,05:00,WORLD - CLUB FRIENDLY,CF Talavera (Esp),Atl. Madrid B (Esp),3.85,3.65,1.7,1.62,2.02,1.63,2.22
EefaHFrm,27/07/2024,05:00,WORLD - CLUB FRIENDLY,San Sebastian Reyes (Esp),Guadalajara (Esp),1.75,3.4,3.9,1.87,1.78,1.85,1.91
6J2c2SIj,27/07/2024,06:00,WORLD - CLUB FRIENDLY,Espanyol (Esp),Girona (Esp),4.5,3.75,1.6,1.67,2.15,1.73,2.0
8OtT2LS8,27/07/2024,06:00,WORLD - CLUB FRIENDLY,Igalo (Mne),Sloboda (Bih),2.9,3.5,2.1,1.72,1.91,1.62,2.23
CSZqir8l,27/07/2024,06:00,WORLD - CLUB FRIENDLY,Liefering (Aut),Nice II (Fra),1.24,5.3,8.0,1.36,2.88,1.73,2.05
zgVOsTI7,27/07/2024,06:00,WORLD - CLUB FRIENDLY,Montpellier (Fra),Southampton (Eng),2.75,3.5,2.15,1.67,2.15,1.57,2.25
v7u77wIM,27/07/2024,06:00,WORLD - CLUB FRIENDLY,Polkowice (Pol),Sleza Wroclaw (Pol),2.25,3.45,2.6,1.51,2.32,1.45,2.66
bmnjsdM7,27/07/2024,06:00,WORLD - CLUB FRIENDLY,Siarka Tarnobrzeg (Pol),Star Starachowice (Pol),2.37,3.75,2.37,1.47,2.42,1.42,2.77
8E5plYk1,27/07/2024,06:00,WORLD - CLUB FRIENDLY,Skierniewice (Pol),Sulejowek (Pol),1.62,3.9,4.2,1.43,2.54,1.48,2.57
Io0pupv8,27/07/2024,06:30,WORLD - CLUB FRIENDLY,Shimizu S-Pulse (Jpn),Reims (Fra),3.85,4.15,1.7,1.44,2.42,1.47,2.32
nywCw7R8,27/07/2024,07:00,WORLD - CLUB FRIENDLY,AFC (Ned),Huizen (Ned),1.17,6.1,10.75,1.2,4.0,1.65,2.18
bRGMAPSN,27/07/2024,07:00,WORLD - CLUB FRIENDLY,Coruxo FC (Esp),Lugo (Esp),4.1,3.65,1.65,1.75,1.9,1.77,2.0
zkVf3trI,27/07/2024,07:00,WORLD - CLUB FRIENDLY,F. Amager (Den),Avarta (Den),1.88,3.7,3.25,1.6,2.07,1.56,2.36
IZuqIaMH,27/07/2024,07:00,WORLD - CLUB FRIENDLY,Mlawa (Pol),Stomil Olsztyn (Pol),1.85,3.55,3.45,1.65,1.98,1.61,2.25
j1kOBBCO,27/07/2024,07:00,WORLD - CLUB FRIENDLY,R. Oviedo B (Esp),Langreo (Esp),4.75,3.3,1.65,1.87,1.78,1.84,1.92
AghSIY7r,27/07/2024,07:00,WORLD - CLUB FRIENDLY,Racing Santander (Esp),Eibar (Esp),2.55,3.35,2.55,1.85,1.9,1.7,2.05
df2ajOIN,27/07/2024,07:00,WORLD - CLUB FRIENDLY,Rio Ave (Por),Santa Clara (Por),2.05,3.5,3.3,1.93,1.82,1.78,1.93
vDrr06ET,27/07/2024,07:00,WORLD - CLUB FRIENDLY,Vissel Kobe (Jpn),Tottenham (Eng),7.0,5.5,1.27,1.36,3.0,1.67,2.1
KfvW1Uqg,27/07/2024,08:00,WORLD - CLUB FRIENDLY,Lichtenberg (Ger),Reinickendorfer Fuchse (Ger),1.16,6.5,10.75,1.17,4.5,1.57,2.34
d8LJ1h5t,27/07/2024,08:00,WORLD - CLUB FRIENDLY,Rizespor (Tur),Nice (Fra),4.7,3.75,1.65,1.6,2.05,1.62,2.05
nwIYQ1XI,27/07/2024,08:00,WORLD - CLUB FRIENDLY,Swansea (Wal),Vardar (Mkd),1.55,4.05,4.55,1.52,2.3,1.62,2.23
ITWJU4m2,27/07/2024,08:00,WORLD - CLUB FRIENDLY,Wehen (Ger),Metz (Fra),2.62,3.75,2.27,1.53,2.18,1.5,2.27
APCr8bFj,27/07/2024,08:00,WORLD - CLUB FRIENDLY,Willem II (Ned),Sparta Rotterdam (Ned),3.05,3.75,2.02,1.47,2.32,1.45,2.4
0Uy0vTac,27/07/2024,08:30,WORLD - CLUB FRIENDLY,Crawley (Eng),Crystal Palace (Eng),7.5,5.25,1.3,1.44,2.63,1.8,1.91
bPJnVOMq,27/07/2024,08:30,WORLD - CLUB FRIENDLY,Kaiserslautern (Ger),Munich 1860 (Ger),1.65,3.85,4.75,1.57,2.27,1.57,2.25
jsiU5BFU,27/07/2024,08:30,WORLD - CLUB FRIENDLY,Sroda (Pol),Legnica II (Pol),2.18,4.1,2.47,1.25,3.42,1.26,3.69
zwinMozP,27/07/2024,09:00,WORLD - CLUB FRIENDLY,Arminia Bielefeld (Ger),FC Emmen (Ned),1.98,3.55,3.1,1.5,2.4,1.44,2.7
OOx1O49r,27/07/2024,09:00,WORLD - CLUB FRIENDLY,Asteras Tripolis (Gre),Panetolikos (Gre),2.3,3.35,2.9,1.82,1.91,1.65,2.1
Ue2MnMoS,27/07/2024,09:00,WORLD - CLUB FRIENDLY,Blauw Geel (Ned),Eindhoven FC (Ned),6.1,4.15,1.42,1.26,3.34,1.44,2.7
zX9vQabJ,27/07/2024,09:00,WORLD - CLUB FRIENDLY,Bristol City (Eng),Exeter (Eng),1.78,3.65,3.7,1.57,2.12,1.6,2.27
Yac6TVW7,27/07/2024,09:00,WORLD - CLUB FRIENDLY,Darmstadt (Ger),Coventry (Eng),2.5,3.65,2.4,1.6,2.07,1.53,2.2
OhzrDZL7,27/07/2024,09:00,WORLD - CLUB FRIENDLY,Den Haag (Ned),Deinze (Bel),2.27,3.65,2.72,1.65,2.15,1.57,2.25
bJGYs2fo,27/07/2024,09:00,WORLD - CLUB FRIENDLY,Dortmund II (Ger),Almere City (Ned),3.8,3.8,1.72,1.31,3.04,1.37,2.98
Sr8lEyHG,27/07/2024,09:00,WORLD - CLUB FRIENDLY,Elversberg (Ger),Viktoria Koln (Ger),1.5,4.35,4.7,1.36,2.88,1.5,2.51
UNlWv4Ta,27/07/2024,09:00,WORLD - CLUB FRIENDLY,Ingolstadt (Ger),Ulm (Ger),2.77,3.65,2.1,1.55,2.15,1.52,2.46
0ENnozFk,27/07/2024,09:00,WORLD - CLUB FRIENDLY,Mainz (Ger),Preussen Munster (Ger),1.57,4.15,5.0,1.47,2.5,1.53,2.32
rynGDXsC,27/07/2024,09:00,WORLD - CLUB FRIENDLY,Middelfart (Den),Brabrand (Den),1.65,3.9,3.95,1.47,2.42,1.52,2.46
AesrvJve,27/07/2024,09:00,WORLD - CLUB FRIENDLY,Os Belenenses (Por),Torreense (Por),3.8,3.45,1.8,1.82,1.82,1.73,1.95
rLNxWY9d,27/07/2024,09:00,WORLD - CLUB FRIENDLY,RKAV Volendam (Ned),FC Volendam (Ned),7.9,5.5,1.25,1.3,3.2,1.65,2.18
UTgQ4Zem,27/07/2024,09:00,WORLD - CLUB FRIENDLY,Scunthorpe (Eng),FC Halifax (Eng),2.47,3.55,2.37,1.6,2.07,1.52,2.46
UTibmOrS,27/07/2024,09:00,WORLD - CLUB FRIENDLY,SG Dynamo Dresden (Ger),Regensburg (Ger),2.27,3.6,2.7,1.6,2.07,1.53,2.2
hnsS5FQ9,27/07/2024,09:00,WORLD - CLUB FRIENDLY,Slough (Eng),Potters Bar (Eng),1.44,4.15,5.7,1.31,3.04,1.47,2.6
lfxOUNsh,27/07/2024,09:00,WORLD - CLUB FRIENDLY,Smederevo (Srb),Prijedor (Bih),1.45,4.45,5.0,1.36,2.88,1.5,2.51
OvyacJko,27/07/2024,09:00,WORLD - CLUB FRIENDLY,Walton & Hersham (Eng),Lewes (Eng),2.05,3.9,2.75,1.34,2.88,1.33,3.18
6LTTZOsK,27/07/2024,09:30,WORLD - CLUB FRIENDLY,Excelsior Maassluis (Ned),GOES (Ned),1.7,4.1,3.6,1.36,2.88,1.4,2.85
A1h6GMCE,27/07/2024,09:30,WORLD - CLUB FRIENDLY,Kettering (Eng),Basford (Eng),2.05,3.85,2.77,1.43,2.54,1.4,2.85
4A2jZu5s,27/07/2024,09:30,WORLD - CLUB FRIENDLY,Ter Leede (Ned),Noordwijk (Ned),6.8,5.1,1.3,1.29,3.3,1.57,2.34
SAxHpuLl,27/07/2024,10:00,WORLD - CLUB FRIENDLY,AZ Alkmaar (Ned),Atalanta (Ita),2.87,3.85,2.12,1.5,2.42,1.45,2.55
xIFNsqaD,27/07/2024,10:00,WORLD - CLUB FRIENDLY,Brackley Town (Eng),Northampton (Eng),4.2,3.95,1.62,1.47,2.43,1.55,2.38
CKuFx0iK,27/07/2024,10:00,WORLD - CLUB FRIENDLY,Doncaster (Eng),Middlesbrough (Eng),3.75,3.65,1.82,1.62,2.02,1.57,2.1
GKxkOXeC,27/07/2024,10:00,WORLD - CLUB FRIENDLY,Hansa Rostock (Ger),Lazio (Ita),5.3,4.6,1.47,1.42,2.45,1.57,2.1
zi0I1N9t,27/07/2024,10:00,WORLD - CLUB FRIENDLY,Hull (Eng),Newcastle (Eng),4.5,4.2,1.53,1.44,2.63,1.53,2.38
CpVOaJQc,27/07/2024,10:00,WORLD - CLUB FRIENDLY,Kidderminster (Eng),Newport (Wal),3.9,3.7,1.7,1.53,2.2,1.59,2.29
O6N3L8fB,27/07/2024,10:00,WORLD - CLUB FRIENDLY,Magdeburg (Ger),Sampdoria (Ita),3.35,3.85,1.91,1.57,2.25,1.55,2.3
URjf5d4D,27/07/2024,10:00,WORLD - CLUB FRIENDLY,Queens Univ. (Nir),Glenavon (Nir),6.4,4.9,1.33,1.3,3.2,1.5,2.51
b3lpLm8d,27/07/2024,10:00,WORLD - CLUB FRIENDLY,Stockport County (Eng),Stoke (Eng),3.05,3.6,2.07,1.55,2.15,1.5,2.25
YVH7Tq5d,27/07/2024,10:00,WORLD - CLUB FRIENDLY,TS Galaxy (Rsa),Augsburg (Ger),3.65,3.55,1.87,1.65,1.98,1.57,2.1
S2WTTEAN,27/07/2024,10:00,WORLD - CLUB FRIENDLY,Waregem (Bel),Red Star (Fra),2.22,3.3,2.8,1.65,1.98,1.61,2.25
bwR4jwMq,27/07/2024,10:30,WORLD - CLUB FRIENDLY,Hannover (Ger),Wolfsburg (Ger),2.85,3.75,2.15,1.57,2.27,1.52,2.37
GMH9WIED,27/07/2024,10:30,WORLD - CLUB FRIENDLY,Karlsruher SC (Ger),Strasbourg (Fra),2.45,3.45,2.57,1.65,1.98,1.55,2.15
I7oFFBG5,27/07/2024,10:30,WORLD - CLUB FRIENDLY,Nijmegen (Ned),Olympiacos Piraeus (Gre),2.37,3.5,2.67,1.7,2.07,1.57,2.25
UDsFbB5L,27/07/2024,10:30,WORLD - CLUB FRIENDLY,Spakenburg (Ned),GVVV (Ned),1.45,4.65,4.85,1.29,3.3,1.4,2.85
xve18Ce2,27/07/2024,11:00,WORLD - CLUB FRIENDLY,AFC Fylde (Eng),Tranmere (Eng),3.35,3.7,1.85,1.53,2.18,1.54,2.41
UJU5B3g2,27/07/2024,11:00,WORLD - CLUB FRIENDLY,AFC Wimbledon (Eng),Charlton (Eng),2.77,3.55,2.15,1.53,2.18,1.5,2.51
McDbncGO,27/07/2024,11:00,WORLD - CLUB FRIENDLY,Ballyclare (Nir),Glentoran (Nir),9.25,5.5,1.22,1.4,2.75,1.75,2.03
GQicPTV1,27/07/2024,11:00,WORLD - CLUB FRIENDLY,Barrow (Eng),R. Union (Esp),2.1,3.35,3.0,1.65,1.98,1.6,2.27
lSclqSLN,27/07/2024,11:00,WORLD - CLUB FRIENDLY,Blackpool (Eng),Sunderland (Eng),2.85,3.45,2.22,1.65,1.98,1.55,2.15
KrbWNl5E,27/07/2024,11:00,WORLD - CLUB FRIENDLY,Bromsgrove (Eng),Solihull Moors (Eng),4.35,4.15,1.57,1.44,2.51,1.51,2.48
biYNMgUj,27/07/2024,11:00,WORLD - CLUB FRIENDLY,Burton (Eng),Port Vale (Eng),2.05,3.25,3.15,1.62,2.02,1.57,2.34
UsapluiB,27/07/2024,11:00,WORLD - CLUB FRIENDLY,Chatham (Eng),Maidstone (Eng),4.4,4.2,1.55,1.43,2.54,1.5,2.51
K8LQXe7l,27/07/2024,11:00,WORLD - CLUB FRIENDLY,Chester (Eng),Altrincham (Eng),4.0,3.9,1.65,1.47,2.42,1.5,2.51
bgkeaEWs,27/07/2024,11:00,WORLD - CLUB FRIENDLY,Cliftonville (Nir),Southport (Eng),1.52,4.25,4.6,1.43,2.54,1.52,2.46
nZu44KJq,27/07/2024,11:00,WORLD - CLUB FRIENDLY,Dag & Red (Eng),Tottenham U21 (Eng),2.5,3.7,2.27,1.44,2.6,1.36,2.88
GGrTI96F,27/07/2024,11:00,WORLD - CLUB FRIENDLY,Dartford (Eng),Sutton (Eng),4.4,4.2,1.55,1.43,2.54,1.5,2.51
MsTKFkHa,27/07/2024,11:00,WORLD - CLUB FRIENDLY,De Graafschap (Ned),Verl (Ger),1.5,4.5,4.5,1.31,3.04,1.39,2.89
viDou7CU,27/07/2024,11:00,WORLD - CLUB FRIENDLY,Dundela (Nir),Linfield (Nir),8.0,5.7,1.23,1.28,3.2,1.63,2.22
McDpF4zI,27/07/2024,11:00,WORLD - CLUB FRIENDLY,Ebbsfleet (Eng),Cambridge Utd (Eng),2.9,3.65,2.05,1.6,2.07,1.56,2.36
MTJOmMmR,27/07/2024,11:00,WORLD - CLUB FRIENDLY,Farnborough (Eng),Yeovil (Eng),2.52,3.8,2.22,1.44,2.51,1.4,2.85
KCXyuZ6D,27/07/2024,11:00,WORLD - CLUB FRIENDLY,Fleetwood (Eng),Hearts (Sco),3.0,3.55,2.02,1.7,1.93,1.63,2.22
SSDidmBt,27/07/2024,11:00,WORLD - CLUB FRIENDLY,Gloucester (Eng),Haverfordwest (Wal),2.05,3.8,2.8,1.47,2.42,1.43,2.73
hEZl72WF,27/07/2024,11:00,WORLD - CLUB FRIENDLY,H&W Welders (Nir),Loughgall (Nir),3.8,4.1,1.65,1.41,2.6,1.45,2.66
U1NnPaS7,27/07/2024,11:00,WORLD - CLUB FRIENDLY,Halesowen (Eng),Hereford (Eng),2.82,3.7,2.07,1.53,2.18,1.48,2.57
2N7bQY8E,27/07/2024,11:00,WORLD - CLUB FRIENDLY,Harrogate (Eng),Lincoln (Eng),3.2,3.55,1.95,1.72,1.91,1.67,2.15
4KXroNS6,27/07/2024,11:00,WORLD - CLUB FRIENDLY,Hartlepool (Eng),Sunderland U21 (Eng),1.83,3.95,3.25,1.35,2.84,1.36,3.03
p6Him7gd,27/07/2024,11:00,WORLD - CLUB FRIENDLY,Hednesford (Eng),Newtown (Wal),2.4,3.65,2.37,1.48,2.4,1.43,2.73
EcyZCs2B,27/07/2024,11:00,WORLD - CLUB FRIENDLY,Hornchurch (Eng),Barnet (Eng),3.45,3.9,1.78,1.43,2.54,1.44,2.7
z1aaeCrT,27/07/2024,11:00,WORLD - CLUB FRIENDLY,Ipswich (Eng),Dusseldorf (Ger),1.73,3.8,4.0,1.53,2.38,1.53,2.38
K6I3E2Wq,27/07/2024,11:00,WORLD - CLUB FRIENDLY,Lancing (Eng),Hastings (Eng),3.5,4.15,1.72,1.34,2.88,1.37,2.98
W8EAxqge,27/07/2024,11:00,WORLD - CLUB FRIENDLY,Lommel SK (Bel),Al Ahli Doha (Qat),1.88,3.95,3.05,1.36,2.88,1.36,2.88
lxFjsPU9,27/07/2024,11:00,WORLD - CLUB FRIENDLY,Peterborough Sports (Eng),Boston Utd (Eng),2.87,3.7,2.05,1.53,2.2,1.48,2.57
pMTd4xLh,27/07/2024,11:00,WORLD - CLUB FRIENDLY,Preston (Eng),Fiorentina (Ita),3.8,3.85,1.8,1.57,2.25,1.55,2.3
CYr9n5cl,27/07/2024,11:00,WORLD - CLUB FRIENDLY,Quorn (Eng),Ossett United (Eng),1.72,3.85,3.7,1.43,2.54,1.44,2.69
jNOSPkj3,27/07/2024,11:00,WORLD - CLUB FRIENDLY,Radcliffe (Eng),Oldham (Eng),2.87,3.55,2.07,1.51,2.32,1.47,2.6
EXu4r8D5,27/07/2024,11:00,WORLD - CLUB FRIENDLY,Reading (Eng),QPR (Eng),3.05,3.6,2.05,1.55,2.15,1.5,2.25
M74w3hb2,27/07/2024,11:00,WORLD - CLUB FRIENDLY,Rochdale (Eng),Carlisle (Eng),2.82,3.7,2.07,1.55,2.15,1.52,2.46
SACnuyJq,27/07/2024,11:00,WORLD - CLUB FRIENDLY,Rotherham (Eng),Sheffield Utd (Eng),3.8,3.75,1.78,1.5,2.27,1.47,2.32
zVvCi68b,27/07/2024,11:00,WORLD - CLUB FRIENDLY,Salford (Eng),Everton (Eng),7.0,5.5,1.3,1.4,2.75,1.65,1.98
KdyU9rX7,27/07/2024,11:00,WORLD - CLUB FRIENDLY,Salisbury (Eng),Woking (Eng),3.9,3.75,1.7,1.5,2.35,1.52,2.46
WQJyhIUP,27/07/2024,11:00,WORLD - CLUB FRIENDLY,Shrewsbury (Eng),Derby (Eng),3.8,3.75,1.78,1.6,2.07,1.57,2.1
Wx6IWbyB,27/07/2024,11:00,WORLD - CLUB FRIENDLY,South Shields (Eng),Grimsby (Eng),4.8,4.3,1.5,1.45,2.55,1.5,2.51
CvzR8rcL,27/07/2024,11:00,WORLD - CLUB FRIENDLY,Stalybridge (Eng),Hyde (Eng),2.77,3.85,2.05,1.41,2.6,1.39,2.89
rRttaz0U,27/07/2024,11:00,WORLD - CLUB FRIENDLY,Tamworth (Eng),Stourbridge (Eng),1.42,4.45,5.5,1.5,2.4,1.6,2.27
vaiePOsH,27/07/2024,11:00,WORLD - CLUB FRIENDLY,Torino (Ita),Cremonese (Ita),1.78,3.45,4.35,1.7,2.07,1.62,2.18
MiQuvruP,27/07/2024,11:00,WORLD - CLUB FRIENDLY,Torquay (Eng),Plymouth (Eng),7.2,5.4,1.27,1.29,3.15,1.64,2.2
GpQdSXWA,27/07/2024,11:00,WORLD - CLUB FRIENDLY,Udinese (Ita),FC Koln (Ger),2.3,3.65,2.72,1.65,2.15,1.55,2.3
EcZphMgt,27/07/2024,11:00,WORLD - CLUB FRIENDLY,Wealdstone (Eng),MK Dons (Eng),3.95,3.95,1.65,1.48,2.4,1.54,2.41
jDayplrQ,27/07/2024,11:00,WORLD - CLUB FRIENDLY,Wigan (Eng),Blackburn (Eng),2.45,3.6,2.45,1.5,2.25,1.44,2.4
Y5hIsldm,27/07/2024,11:00,WORLD - CLUB FRIENDLY,Witton (Eng),Lancaster (Eng),3.3,3.8,1.85,1.44,2.51,1.43,2.73
v9ALWmOp,27/07/2024,11:00,WORLD - CLUB FRIENDLY,York City (Eng),Notts Co (Eng),3.35,3.75,1.83,1.5,2.35,1.51,2.48
CtiM4C0d,27/07/2024,11:30,WORLD - CLUB FRIENDLY,Roda (Ned),Alemannia Aachen (Ger),1.65,4.0,4.35,1.5,2.27,1.53,2.2
zBC8ObA5,27/07/2024,12:00,WORLD - CLUB FRIENDLY,Bavois (Sui),Lausanne II (Sui),1.95,3.45,3.25,1.53,2.18,1.51,2.48
QX4sdUko,27/07/2024,12:00,WORLD - CLUB FRIENDLY,Dolomiti Bellunesi (Ita),Padova (Ita),9.5,5.0,1.24,1.48,2.4,1.92,1.84
vm9T4VGi,27/07/2024,12:00,WORLD - CLUB FRIENDLY,Grenoble (Fra),Auxerre (Fra),3.05,3.55,2.07,1.65,1.98,1.57,2.12
6LoH4vWh,27/07/2024,12:00,WORLD - CLUB FRIENDLY,Mansfield (Eng),Oxford Utd (Eng),2.8,3.55,2.12,1.57,2.25,1.44,2.7
CW3mrh3c,27/07/2024,12:00,WORLD - CLUB FRIENDLY,Modena (Ita),Sangiuliano City (Ita),1.07,11.0,23.0,1.14,4.8,1.85,1.91
UJ6MvmJE,27/07/2024,12:00,WORLD - CLUB FRIENDLY,Nantes (Fra),Dunkerque (Fra),1.62,3.75,4.75,1.65,1.98,1.7,1.93
nyVPn4Ti,27/07/2024,12:00,WORLD - CLUB FRIENDLY,Rennes (Fra),Angers (Fra),1.7,3.8,4.4,1.65,2.15,1.65,2.12
6cXkPYOF,27/07/2024,12:00,WORLD - CLUB FRIENDLY,Union Berlin (Ger),Rangers (Sco),2.07,3.5,3.2,1.7,2.07,1.6,2.22
0bowAAlg,27/07/2024,13:00,WORLD - CLUB FRIENDLY,AS Roma (Ita),Toulouse (Fra),1.62,3.8,4.33,1.67,2.15,1.73,2.0
OzJlWuMs,27/07/2024,13:00,WORLD - CLUB FRIENDLY,Clermont (Fra),Annecy (Fra),1.98,3.55,3.4,1.75,2.0,1.65,2.1
GpGgJNbD,27/07/2024,13:00,WORLD - CLUB FRIENDLY,Heist (Bel),Lierse K. (Bel),3.35,3.9,1.8,1.45,2.48,1.44,2.69
0x6UdI3B,27/07/2024,13:00,WORLD - CLUB FRIENDLY,Oliveirense (Por),FC Porto B (Por),2.7,3.6,2.18,1.62,2.02,1.55,2.38
bHPINSSr,27/07/2024,13:00,WORLD - CLUB FRIENDLY,PSV (Ned),Valencia (Esp),1.83,3.65,3.85,1.62,2.2,1.57,2.25
QeBaYuB5,27/07/2024,13:00,WORLD - CLUB FRIENDLY,RFC Liege (Bel),Maastricht (Ned),3.1,3.7,1.95,1.53,2.28,1.49,2.54
6mYusIyB,27/07/2024,13:30,WORLD - CLUB FRIENDLY,Gorica (Cro),Rudes (Cro),1.35,4.6,6.6,1.53,2.2,1.83,1.93
ptMFhIMF,27/07/2024,13:30,WORLD - CLUB FRIENDLY,Lumezzane (Ita),Brescia (Ita),13.0,5.0,1.23,1.65,1.98,2.32,1.47
2qDtfwmp,27/07/2024,14:00,WORLD - CLUB FRIENDLY,Atletico Arteixo (Esp),Dep. Fabril (Esp),3.8,3.45,1.8,1.93,1.7,1.85,1.91
KKRy24Vh,27/07/2024,14:00,WORLD - CLUB FRIENDLY,D. Zagreb (Cro),Shakhtar Donetsk (Ukr),2.57,3.45,2.5,1.65,2.15,1.53,2.35
xfZkpvHD,27/07/2024,14:00,WORLD - CLUB FRIENDLY,Eldense (Esp),R. Oviedo (Esp),2.27,3.3,2.87,2.05,1.62,1.85,1.75
hCrSjzEc,27/07/2024,14:00,WORLD - CLUB FRIENDLY,Huesca (Esp),Osasuna B (Esp),1.65,3.6,4.75,1.93,1.7,1.93,1.7
2ByimVZa,27/07/2024,14:00,WORLD - CLUB FRIENDLY,Ponferradina (Esp),Tudelano (Esp),1.55,3.65,5.2,1.78,1.87,1.8,1.96
jiE21LfA,27/07/2024,14:00,WORLD - CLUB FRIENDLY,Varzim (Por),AD Marco 09 (Por),1.45,4.25,5.3,1.53,2.18,1.73,2.05
zySCTKrS,27/07/2024,14:30,WORLD - CLUB FRIENDLY,Alaves (Esp),Levante (Esp),2.12,3.3,3.3,2.07,1.7,1.85,1.87
M1iVIwTb,27/07/2024,14:30,WORLD - CLUB FRIENDLY,Galatasaray (Tur),Parma (Ita),1.8,3.65,3.95,1.65,2.15,1.62,2.18
hppfsTR6,27/07/2024,14:30,WORLD - CLUB FRIENDLY,Inter (Ita),Las Palmas (Esp),1.53,4.0,4.75,1.44,2.63,1.53,2.38
2mqFE5bS,27/07/2024,14:30,WORLD - CLUB FRIENDLY,Malaga (Esp),Almeria (Esp),3.9,3.6,1.83,1.98,1.78,1.88,1.82
21OmT4DL,27/07/2024,14:30,WORLD - CLUB FRIENDLY,Tarazona (Esp),Zaragoza (Esp),5.1,3.6,1.62,1.85,1.85,1.8,1.82
nJ1vOhVb,27/07/2024,15:00,WORLD - CLUB FRIENDLY,Dep. La Coruna (Esp),Pontevedra (Esp),1.45,3.8,6.4,1.75,1.88,1.95,1.81
EFjGZUz0,27/07/2024,15:00,WORLD - CLUB FRIENDLY,Ourense CF (Esp),Ferrol (Esp),4.8,3.65,1.6,1.91,1.72,1.98,1.79
SKuS48cE,27/07/2024,15:00,WORLD - CLUB FRIENDLY,Sibenik (Cro),GOSK Gabela (Bih),1.6,3.65,4.75,1.65,2.0,1.73,2.05
2LK4LDBC,27/07/2024,15:00,WORLD - CLUB FRIENDLY,Valladolid (Esp),Burgos CF (Esp),1.98,3.35,3.55,1.93,1.78,1.75,1.85
f39bLrIc,27/07/2024,15:00,WORLD - CLUB FRIENDLY,Vizela (Por),Pacos Ferreira (Por),2.4,3.3,2.7,1.7,1.93,1.55,2.15
0448ZNNE,27/07/2024,15:30,WORLD - CLUB FRIENDLY,Portimonense (Por),Benfica B (Por),2.15,3.55,2.92,1.57,2.12,1.5,2.27
fk0qtnGM,27/07/2024,15:30,WORLD - CLUB FRIENDLY,Sporting CP (Por),Ath Bilbao (Esp),2.1,3.55,3.15,1.6,2.2,1.52,2.37
hrFhphu9,27/07/2024,15:30,WORLD - CLUB FRIENDLY,Verona (Ita),FeralpiSalo (Ita),1.23,5.7,10.0,1.44,2.4,1.93,1.7
lQ2Azhjf,27/07/2024,16:00,WORLD - CLUB FRIENDLY,Avellino (Ita),Crotone (Ita),1.65,3.75,4.5,1.65,1.98,1.65,1.98
C8e01WAP,27/07/2024,17:00,WORLD - CLUB FRIENDLY,Chelsea (Eng),Celtic (Sco),1.8,3.8,3.8,1.4,2.75,1.42,2.67
4pa4sBJg,27/07/2024,19:00,WORLD - CLUB FRIENDLY,Manchester City (Eng),AC Milan (Ita),2.05,3.75,3.1,1.57,2.35,1.52,2.42
WpY6KBGd,27/07/2024,20:00,WORLD - CLUB FRIENDLY,Wolves (Eng),West Ham (Eng),2.7,3.6,2.15,1.53,2.38,1.5,2.5
OfNbcKn3,27/07/2024,20:30,WORLD - CLUB FRIENDLY,Vancouver Whitecaps (Can),Wrexham (Wal),1.98,3.85,3.2,1.42,2.67,1.4,2.72
hK4khtpe,27/07/2024,21:00,WORLD - CLUB FRIENDLY,Arsenal (Eng),Manchester Utd (Eng),2.25,4.0,2.5,1.4,2.75,1.4,2.75
QPvPFM3N,27/07/2024,21:00,WORLD - CLUB FRIENDLY,Columbus Crew (Usa),Aston Villa (Eng),4.5,4.2,1.62,1.4,2.75,1.45,2.57
tIAD3rGk,27/07/2024,12:30,WORLD - CLUB FRIENDLY WOMEN,DVTK W (Hun),Subotica W (Srb),4.35,4.75,1.5,1.2,4.0,1.25,3.6
8IBIbgGG,27/07/2024,10:00,ZIMBABWE - PREMIER SOCCER LEAGUE,Arenel Movers,CAPS Utd,3.15,2.75,2.32,2.65,1.42,2.25,1.61
